name,type,state,city,lat,long,status,founded_month,founded_year,summarize,cancel_reason,cancel_time,link
100 Words Film Festival,Film,NC,Charlotte,35.2270869,-80.8431268,Active,October;November,2014,,,,
168 Film Festival,Film,CA,Burbank,34.1816482,-118.3258554,Active,August,2003,,,,
80/35 Music Festival,Music,IA,Des Moines,41.5910641,-93.6037149,Active,July,2008,,,,
A Taste of Colorado,Food,CO,Denver,39.7392364,-104.9848623,Active,August;September,1895,,,,
Action On Film International Film Festival,Film,CA,Monrovia,34.1483499,-118.0014517,Active,July;August,2004,,,,
Alaska Folk Festival,Culture,AK,Juneau,58.3019496,-134.419734,Active,April,1974,,,,
Alabama Shakespeare Festival,Art,AL,Montgomery,32.3669656,-86.3006485,Active,March;April,1972,,,,
Albuquerque International Balloon Fiesta,Culture,NM,Albuquerque,35.0841034,-106.6509851,Active,October,1972,,,,
All Good Music Festival,Music,WV,Masontown,39.552306,-79.7978358,Inactive,July,1997,Unknow,Stoped information on website without reason,2016,http://allgoodfestival.com/
Allentown Art Festival,Art,NY,Buffalo,42.8867166,-78.8783922,Active,June,1958,,,,
Aloha Festivals,Culture,HI,Honolulu,21.3250785,-157.846644178573,Active,August;September,1946,Financial,In 2008 festival organizers decided to scaling down by cancelling the floral parade due to a lack of funding. But it was saved by private donors and funds from the City and County of Honolulu.,2008,https://www.hawaiimagazine.com/blogs/hawaii_today/2009/9/19/Aloha_Festivals_Hawaii_parade_2009_schedule
American Folk Festival,Culture,ME,Bangor,44.8011821,-68.7778138,Active,August,2005,,,,
Amesbury Harvest Fair and Country Music Festival,Music,MA,Amesbury,42.8579536,-70.9300921,Inactive,September,2017,N/A,"From the facebook group, it only held in 2017",2017,https://www.facebook.com/amesburymusicfest/
Amish Acres Arts & Crafts Festival,Art,IN,Nappanee,41.4427856,-86.0013699,Active,July;August,1962,,,,
Anchorage International Film Festival,Film,AK,Anchorage,61.1758781,-149.1107333,Active,December,2001,,,,
Anime Mid-Atlantic,Culture,VA,Norfolk,36.8889933,-76.2481624,Active,June,2001,Organizer,"In 2018, due to the health issues of the CEO, the convention has decided to take a hiatus for a year, and so 2019 will be the first year since its inception that Anime Mid-Atlantic will not be hosting an event, with plans to return to a new location in 2020.",2019,http://www.animemidatlantic.com/
Ann Arbor Art Fairs,Art,MI,Ann Arbor,42.2681569,-83.7312291,Active,July,1960,,,,
Ann Arbor Film Festival,Film,MI,Ann Arbor,42.2681569,-83.7312291,Active,March,1963,,,,
Apple Festival,Food,WI,Bayfield,46.4710241,-91.1983175,Active,October,1962,,,,
Apple Scrapple Festival,Food,DE,Bridgeville,38.7427231,-75.6032026,Active,October,1992,,,,
Arizona Renaissance Festival,Art,AZ,Apache Junction,33.4150484,-111.5495439,Active,February;March,1988,,,,
Arizona Roots Music & Arts Festival,Art,IN,Wayne County,39.8638778,-85.0198586,Active,February,2019,,,,
Arizona's Premier Beer Tasting Festivals,Beer,AZ,Tempe,33.4255056,-111.9400125,Active,June,1990,,,,
Arlington International Film Festival,Film,MA,Arlington,42.4153739,-71.1564428,Active,November,2010,,,,
Arnold Sports Festival,Sport,OH,Columbus,39.9622601,-83.0007065,Active,March,1989,,,,
Artscape,Art,MD,Baltimore,39.2847494,-76.6204746396999,Active,July,1982,,,,
Asian World Film Festival,Film,CA,Los Angeles,34.0536834,-118.2427669,Active,October;November,2015,,,,
Athfest,Music,GA,Athens,33.9597677,-83.376398,Active,June,1997,,,,
Atlanta Dogwood Festival,Art,GA,Atlanta,33.7490987,-84.3901849,Active,April,1936,,,,
Atlantic Music Festival,Music,ME,Waterville,44.5520105,-69.6317121,Active,June,2019,,,,
Atwood Music Festival,Music,MS,Monticello,31.5536678,-90.1072865,Active,May,1975,,,,
Austin City Limits Music Festival,Music,TX,Austin,30.2711286,-97.7436995,Active,October,2002,,,,
Austin Food & Wine Festival,Food,TX,Austin,30.2711286,-97.7436995,Active,April,2012,,,,
Baby Food Festival,Food,MI,Fremont,43.467517,-85.942001,Active,July,1990,,,,
Backwoods Music Festival,Music,OK,Stroud,35.7477749,-96.6566742,Active,April,2008,,,,
Banana Split Festival,Food,OH,Wilmington,39.4453393,-83.8285375,Active,June,1904,,,,
Bard Music Festival,Music,NY,Annandale-on-Hudson,42.0128695,-73.9081901,Active,August,1990,,,,
Barnesville Pumpkin Festival,Food,OH,Barnesville,39.9881261,-81.1764961,Active,September,1964,,,,
Bayfest,Music,AL,Mobile,30.6943566,-88.0430541,Inactive,October,1995,Replaced,officials with BayFest announced the music festival would be ending after a 20-year run. ,2005,https://www.gulflive.com/entertainment/2015/09/new_music_festival_announced_t.html
Bayou City Art Festival,Art,TX,Houston,29.7589382,-95.3676974,Active,March,1971,,,,
Bayou Country Superfest,Music,LA,Baton Rouge,30.4459596,-91.18738,Active,May,2010,,,,
Beale Street Music Festival,Music,TN,Memphis,35.1490215,-90.0516285,Active,May,1977,,,,
Beer Cheese Festival,Food,KY,Winchester,37.990079,-84.1796503,Active,June,2009,,,,
Bel Air Film Festival,Film,CA,Los Angeles,34.0536834,-118.2427669,Active,November,2008,,,,
Beloit International Film Festival,Film,WI,Beloit,42.5083272,-89.031784,Active,February,2006,,,,
Bend Brewfest,Beer,OR,Bend,44.0581728,-121.3153096,Active,August,2002,,,,
Bentonville Film Festival,Film,AR,Bentonville,36.3728538,-94.2088172,Active,May,2015,,,,
Berlin & Beyond Film Festival,Film,CA,San Francisco,37.7792808,-122.4192363,Active,January,1996,,,,
Best in the West Nugget Rib Cook-off,Food,NV,Sparks,39.5348431,-119.7527683,Active,September,1989,,,,
Big Bear Lake International Film Festival,Film,CA,Big Bear Lake,34.253293,-116.932209687315,Inactive,September,2000,Unknow,"Held from 2000 to 2014, and 2017. Reason unknow",2017,http://www.bigbearfilmfestival.com/
Big Spring Jam,Music,AL,Huntsville,34.6686435,-86.4418197139765,Inactive,September,1993,Weather,"Organizers announced in November 2011 that they would ""shelve"" the event for the immediate future with plans to ""retool"" or ""recreate"" it at some point when the economy improves and local interest increases.",2011,http://blog.al.com/breaking/2011/11/post_730.html
Bite of Oregon,Food,OR,Portland,45.5202471,-122.6741949,Inactive,August,1983,Financial,Bite of Oregon is taking a break from 2018 because of the cost of putting on the event is rising,2018,https://www.koin.com/news/food/the-bite-of-oregon-is-taking-a-break/1358229006
Bite of Seattle,Food,WA,Seattle,47.6038321,-122.3300624,Active,July,1982,,,,
Blue Ribbon Bacon Festival,Food,IA,Des Moines,41.5910641,-93.6037149,Active,June,2008,,,,
Bockfest,Beer,OH,Cincinnati,39.1014537,-84.5124602,Active,March,1992,Weather,"During the 2008 Bockfest a huge snowstorm nearly rendered the festival closed. The parade was officially called off because of the snow emergency, but many groups decided to walk the empty, snow-covered streets anyway.",2008,https://web.archive.org/web/20140114112605/http://downtown-mtauburn.fox19.com/news/community-spirit/87016-snowman-dies-so-bockfest-may-live
Boggy Bayou Mullet Festival,Food,FL,Niceville,30.50985935,-86.4421756696983,Active,October,1977,,,,
Bonnaroo,Music,TN,Manchester,35.4817432,-86.0885993,Active,June,2002,,,,
Borderfest,Music,TX,Rio Grande Valley,29.74434,-102.67467,Active,February;March,1976,,,,
Boston Calling Music Festival,Music,MA,Boston,42.3602534,-71.0582912,Active,May,2013,,,,
Boston Early Music Festival,Music,MA,Boston,42.3602534,-71.0582912,Active,June,1980,,,,
Boston Film Festival,Film,MA,Boston,42.3602534,-71.0582912,Active,September,2003,,,,
Boston Seafood Festival,Food,MA,Boston,42.3602534,-71.0582912,Active,August,2011,,,,
Boston Wine Festival,Food,MA,Boston,42.3602534,-71.0582912,Active,January;February;March,1989,,,,
Boulder International Film Festival,Film,CO,Boulder,40.0149856,-105.2705456,Active,February;March,2004,,,,
Bridge Day,Sport,VA,Fayetteville,36.0625843,-94.1574328,Active,October,1980,,,,
Bristol Renaissance Faire,Art,WI,Kenosha,42.5846773,-87.8212263,Active,July;August;September,1972,,,,
Bristol Rhythm & Roots Reunion,Music,VA,Bristol,36.5959685,-82.1885009,Active,September,2001,,,,
Brushy Mountain Apple Festival,Food,NC,North Wilkesboro,36.1584651,-81.1475841,Active,October,N/A,,,,
Bucyrus Bratwurst Festival,Food,OH,Bucyrus,40.8083909,-82.9754649,Active,August,1968,,,,
Budweiser Made in America Festival,Music,PA,Philadelphia,39.9524152,-75.1635755,Active,August;September,2012,,,,
BUKU Music + Art Project,Music,LA,New Orleans,29.9499323,-90.0701156,Active,March,2012,,,,
Bumbershoot,Music,WA,Seattle,47.6038321,-122.3300624,Active,May,1971,,,,
Bunbury Music Festival,Music,OH,Cincinnati,39.1014537,-84.5124602,Active,May;June,2016,,,,
Burbank International Film Festival,Film,CA,Burbank,34.1816482,-118.3258554,Active,September,2009,,,,
Burning Man Festival,Alternative,NV,Black Rock City,40.7855563,-119.2064834,Active,August;September,1986,,,,
Byfield Music & Arts Festival,Music,MA,Newbury,42.7961518,-70.8610435,Active,June,2013,,,,
CAAMFest,Film,CA,San Francisco,37.7792808,-122.4192363,Active,March,1982,,,,
California Dried Plum Festival,Food,CA,Yuba City,39.1404477,-121.6169108,Inactive,N/A,1988,Financial,"The California Dried Plum Festival was a regular event for 15 years, until it withered on the vine in 2002, the victim of a sticky revenue situation.",2002,https://www.appeal-democrat.com/why-was-the-prune-dried-plum-festival-canceled/article_f03c0871-793f-51e5-bfd1-ad152cf20aab.html
Camp Bisco,Music,NY,Albany,42.6511674,-73.754968,Active,July,1999,,,,
Cape Cod Chamber Music Festival,Music,MA,Eastham,41.8301081,-69.973907,Active,August,1979,,,,
Cape Cod International Film Festival,Film,MA,Chatham,41.6820563,-69.9597376,Active,October,2014,,,,
Capital City Film Festival,Film,MI,Lansing,42.7337712,-84.5553805,Active,April,2011,,,,
Capital Pride,Culture,DC,Washington,38.8950092,-77.0365625,Active,May;June,1975,,,,
Caramoor Summer Music Festival,Music,NY,Katonah,41.25877,-73.6853852,Active,June;July,1945,,,,
Carolina Country Music Fest,Music,SC,Myrtle Beach,33.6956461,-78.8900409,Active,June,2015,,,,
Carolina Rebellion,Music,NC,Concord,35.4093772,-80.5797416,Active,May,2011,,,,
Carolina Renaissance Festival,Art,NC,Huntersville,35.410845,-80.8429094,Active,October;November,1994,,,,
Castleton Festival,Music,VA,Castleton,38.6059551,-78.1066655,Active,N/A,2009,,,,
Castroville Artichoke Festival,Food,CA,Monterey,36.600256,-121.8946388,Active,May,1959,,,,
Catoctin Colorfest,Art,MD,Thurmont,39.6237094,-77.4108201,Active,October,1963,,,,
Celebrate Fairfax!,Music,VA,Fairfax,38.8462236,-77.3063733,Active,June,1982,,,,
Central Florida Harvest and Peanut Festival,Food,FL,Williston,29.3880028,-82.4481694,Active,October,1989,,,,
Central Pennsylvania Festival of the Arts,Art,PA,State College,40.7944504,-77.8616386,Active,July,1967,,,,
Charlottesville Vegan Roots Fest,Food,VA,Charlottesville,38.029306,-78.4766781,Active,September,1997,,,,
Cheese Days,Food,WI,Monroe,43.9416755,-90.6397264,Active,September,1914,,,,
Cheeseburger in Caseville,Food,MI,Caseville,43.941125,-83.271347,Active,August,1999,,,,
Cherry Creek Arts Festival,Art,CO,Cherry Creek,39.6896651,-104.9106186,Active,July,1991,,,,
Chicago International Children's Film Festival,Film,IL,Chicago,41.8755616,-87.6244212,Active,October,1983,,,,
Chicago International Film Festival,Film,IL,Chicago,41.8755616,-87.6244212,Active,November,1964,,,,
Chicopee Downtown Get Down,Music,MA,Chicopee,42.1487043,-72.6078672,Active,August,2015,,,,
Chilympiad,Food,TX,San Marcos,29.8826436,-97.9405828,Inactive,September,1970,Financial,"In 2001, the Chilympiad was scheduled for September 14 and 15. The September 11 attacks severely impacted participation and attendance at the event.The event lost $30,000. Attendance improved for 2002, but the event lost $19,000. Chilympiad was cancelled for 2003. Although the El Jefe Association, which organized the annual event, hoped to revive the festival in 2004, they were not able to recoup from previous losses.",2003,https://en.wikipedia.org/wiki/Chilympiad
Cincinnati Food + Wine Classic,Food,OH,Cincinnati,39.1014537,-84.5124602,Active,February,2014,,,,
Cine Las Americas International Film Festival,Film,TX,Austin,30.2711286,-97.7436995,Active,May,1997,,,,
CinErotic Film Fest,Film,GA,Atlanta,33.7490987,-84.3901849,Active,February,2010,Unknow,"Stoped from 2015, and get back for a dirty show in 2019",2015,https://dirtydetroit.com/blog
Circleville Pumpkin Show,Food,OH,Circleville,39.600618,-82.9460133,Active,October,1903,,,,
Cleveland Feast of the Assumption Festival,Culture,OH,Cleveland,41.5051613,-81.6934446,Active,August,1898,,,,
Cleveland International Film Festival,Film,OH,Cleveland,41.5051613,-81.6934446,Active,April,1977,,,,
CMA Music Festival,Music,TN,Nashville,36.1622296,-86.7743531,Active,June,1972,,,,
Coachella Valley Music and Arts Festival,Music,CA,Indio,33.7192808,-116.2188054,Active,April,1999,Low attendance,Coachella’s current lineup shows significantly less rock and metal bands than in their debut in 1999.,N/A,https://www.altpress.com/news/coachella-rock-music-2019/
Colorado Shakespeare Festival,Art,CO,Boulder,40.0149856,-105.2705456,Active,June;July;August,1958,,,,
Columbus International Film & Video Festival,Film,OH,Columbus,39.9622601,-83.0007065,Active,November,1952,,,,
ComFest,Culture,OH,Columbus,39.9622601,-83.0007065,Active,June,1972,,,,
Comstock Music Festivals,Music,NE,Comstock,41.5569267,-99.243952,Active,June;July,2000,,,,
Coney Island Mermaid Parade,Alternative,NY,Coney Island,40.575789,-73.985145,Active,June,1983,,,,
Coronado Island Film Festival,Film,CA,Coronado Island,32.6915199,-117.1766947,Active,November,2016,,,,
Country USA,Music,WI,Oshkosh,44.0206919,-88.5408574,Active,June,N/A,,,,
Creation Festival,Music,PA,Mount Union,40.3845217,-77.8822199,Active,June,1979,Weather,"Due to thunderstorms and severe flooding, the festival was canceled in 1995 and 2006. ",1995;2006,https://en.wikipedia.org/wiki/Creation_Festival
Crested Butte Film Festival,Film,CO,Crested Butte,38.8697146,-106.9878232,Active,September,2011,,,,
Curtain Up!,Art,NY,Buffalo,42.8867166,-78.8783922,Active,September,1982,,,,
Dallas International Film Festival,Film,TX,Dallas,32.7762719,-96.7968559,Active,April,2007,,,,
Dally in the Alley,Beer,MI,Detroit,42.3315509,-83.0466403,Active,May,1977,,,,
Dances With Films,Film,CA,Los Angeles,34.0536834,-118.2427669,Active,June,1998,,,,
Dark Lord Day,Beer,IN,Munster,41.5644798,-87.5125412,Active,May,2002,,,,
Day for Night,Music,TX,Houston,29.7589382,-95.3676974,Inactive,December,2015,Scandal;Financial,"After allegations of sexual misconduct with two women by festival founder Omar Afra emerged in August, 2018, the festival cut ties with Afra and foreclosed on the festival-owning entity, removing him from any involvement or ownership. On November 26, 2018, an auction was held for Afra's ownership stake, due to an unfulfilled loan agreement.The festival did not take place in 2018 and it is unclear if it will be held again.",2018,http://houston.culturemap.com/news/entertainment/08-12-18-day-for-night-festival-in-jeopardy-sex-abuse-allegations-omar-afra/#slide=0
Days of '47 Rodeo,Sport,UT,Salt Lake City,40.7670126,-111.8904308,Active,July,1847,,,,
DC Asian Pacific American Film Festival,Film,DC,Washington,38.8950092,-77.0365625,Active,October,2000,,,,
Decibel Festival,Music,WA,Seattle,47.6038321,-122.3300624,Active,September,2004,,,,
Deer Valley Music Festival,Music,UT,Park City,40.6460635,-111.4979741,Active,July;August,2003,,,,
Delaware Shakespeare Festival,Art,DE,Wilmington,39.7459468,-75.546589,Active,April,2003,,,,
Delmarva Chicken Festival,Food,MD,Centreville,39.0420588,-76.0674344,Active,June,1948,,,,
Denver Film Festival,Film,CO,Denver,39.7392364,-104.9848623,Active,November,1978,,,,
Denver Underground Film Festival,Film,CO,Denver,39.7392364,-104.9848623,Active,May,1997,,,,
Detroit Festival of the Arts,Art,MI,Detroit,42.3315509,-83.0466403,Inactive,June,1968,Financial,The organization could no longer support the expensive festival.,2009,https://www.mlive.com/entertainment/detroit/2009/09/its_official_the_detroit_festi.html
Detroit Windsor International Film Festival,Film,MI,Detroit,42.3315509,-83.0466403,Inactive,June,2008,Unknow,"Ran from 2008 to 2012, then disappear",2012,https://www.withoutabox.com/03film/03t_fin/03t_fin_fest_01over.php?festival_id=6091
Disney California Adventure Food & Wine Festival,Food,CA,Anaheim,33.8347516,-117.911732,Active,March;April,2006,Venue,Construction forces Disney California Adventure to cancel annual food festival,2010,https://www.latimes.com/archives/la-xpm-2010-nov-04-la-trb-disney-food-wine-festival-20101103-story.html
Dogwood Arts Festival,Art,TN,Knoxville,35.9603948,-83.9210261,Active,April,1961,,,,
Dominican International Film Festival,Film,DK,Puerto Plata,18.2059806,-66.5889629,Active,November,2004,,,,
Downtown Brockton Arts and Music Festival DBAM,Music,MA,Brockton,42.0834335,-71.0183787,Active,August,2010,,,,
Downtown Urban Arts Festival,Film,NY,New York City,40.7308619,-73.9871558,Active,May,2001,,,,
Dublin Irish Festival,Music,OH,Dublin,40.0992294,-83.1140771,Active,August,1988,,,,
Eat Real Festival,Food,CA,Oakland,37.8044557,-122.2713563,Active,September,2008,,,,
Electric Daisy Carnival,Music,NV,Las Vegas,36.1662859,-115.149225,Active,May,1991,,,,
Revelation Generation,Culture,NJ,Frenchtown,40.5262138,-75.06156,Inactive,August;September,2005,Unknow,"The 2011 event was canceled, and the official website indicates the festival is on an indefinite hiatus.",2011,https://www.nj.com/hunterdon-county-democrat/2011/04/revelation_generation_the_chri.html
Millennium '73,Culture,TX,Houston,29.7589382,-95.3676974,Inactive,November,1973,N/A,Only in 1973,1973,https://en.wikipedia.org/wiki/Millennium_%2773
Shakespeare in the Park,Art,NY,New York City,40.7308619,-73.9871558,Active,May;June,1954,,,,
Southern Shakespeare Festival,Art,FL,Tallahassee,30.4380832,-84.2809332,Active,April;May,1995,,,,
Shakespeare in Washington Festival,Art,DC,Washington,38.8950092,-77.0365625,Inactive,January;February;March;April;May;June,2007,N/A,Only in 2007,2007,https://en.wikipedia.org/wiki/Shakespeare_in_Washington_Festival
Woodward Shakespeare Festival,Art,CA,Fresno,36.7295295,-119.708861260756,Active,June;July;August;September,2005,,,,
El Cerrito Free Folk Festival,Music,CA,Berkeley,37.8708393,-122.2728639,Active,October,2009,,,,
Electric Forest Festival,Music,MI,Rothbury,43.507232,-86.347572,Active,June,2011,,,,
Electric Zoo Festival,Music,NY,Randall’s island,40.7967677,-73.9220815,Active,August;September,2009,,,,
Electronic Music Midwest,Music,KS,Kansas City,39.100105,-94.5781416,Active,October,2000,,,,
Kamehameha Day,Nature,HI,Hawaii,19.6273325,-155.5645619,Active,June,1871,,,,
Crested Butte Wildflower Festival,Nature,CO,Crested Butte,38.8697146,-106.9878232,Active,July,N/A,,,,
Epcot International Flower & Garden Festival,Nature,FL,Bay Lake,28.3876261,-81.5749196692526,Active,March;April;May,1994,,,,
Epcot International Food & Wine Festival,Food,FL,Bay Lake,28.3876261,-81.5749196692526,Active,August;September;October;November,1995,,,,
Essence Music Festival,Music,LA,New Orleans,29.9499323,-90.0701156,Active,July,1995,,,,
Exotic Erotic Ball,Alternative,CA,San Francisco Bay Area,37.7884969,-122.3558473,Inactive,October,1979,Financial,"In 2010, the event was cancelled due to poor ticket sales and cost overruns.The 2011 ball was never planned.",2010,https://www.mercurynews.com/2010/10/22/exotic-erotic-ball-in-richmond-canceled-day-before-event/
Extravaganza,Music,CA,Santa Barbara,34.4221319,-119.7026673,Active,May,1979,,,,
Extreme Beer Fest,Beer,MA,Boston,42.3602534,-71.0582912,Active,February,2003,,,,
Falcon Ridge Folk Festival,Music,NY,Hillsdale,42.1789784,-73.5259511,Active,August,1991,,,,
Fantasy Fest,Culture,FL,Key West,24.5625566,-81.7724368,Active,October,1970,,,,
Fantasia Fair,Culture,MA,Provincetown,42.058436,-70.1786375,Active,October,1975,,,,
Faster Horses Festival,Music,MI,Brooklyn,42.105874,-84.2482819,Active,July,2012,,,,
Fayetteville Dogwood Festival,Art,NC,Fayetteville,35.0525759,-78.878292,Active,April,1982,,,,
Feast of the Hunters' Moon,Culture,IN,West Lafayette,40.4258686,-86.9080655,Active,October,1968,,,,
Feast of San Gennaro,Culture,NY,New York City,40.7308619,-73.9871558,Active,September,1926,Social Issue,"In 1994, New York City Mayor Rudy Giuliani declared that if the city's San Gennaro festival did not remove corrupt elements(San Gennaro massacre), he would shut it down. After a series of sometimes heated discussions, organizers relented to the city's demand that an independent monitor be shown the records of the Society for the Feast of San Gennaro. And the 11-day celebration was allowed to begin.",1994,https://www.nytimes.com/1995/09/16/nyregion/san-gennaro-crowds-cannoli-and-a-crackdown.html
Fellsmere Frog Leg Festival,Food,FL,Fellsmere,27.767806,-80.6014442,Active,January,1990,,,,
Festival at the Farm,Music,MA,Canton,42.1584324,-71.1447732,Inactive,September,2016,Venue,"Over the winter, we learned that our 2019 lease for Prowse Farm would not be renewed. ",2019,https://www.festivalatthefarm.com/?fbclid=IwAR37Q5oMpqUlI3Zpmmv4EVuBPM2rOkLfaVobflQCrhlmAVbE1QwMhU4pwC8
Festival International de Louisiane,Music,LA,Lafayette,30.2240897,-92.0198427,Active,April,1986,,,,
Festival Latinoamericano,Culture,UT,Provo,40.2338438,-111.6585337,Active,September,2001,,,,
Festival Napa Valley,Food,CA,Napa Valley,39.0234679,-84.4504648,Active,July,2006,,,,
Festival Of Dankness,Beer,CA,San Diego,32.7174209,-117.1627714,Active,August,2013,,,,
Festival of the Arts,Art,MI,Grand Rapids,42.9632405,-85.6678639,Active,June,1970,,,,
Festival of the Fish,Food,OH,Vermilion,41.4219889,-82.3646068,Active,June,N/A,,,,
Festivus Film Festival,Film,CO,Denver,39.7392364,-104.9848623,Inactive,December,2008,Financial,"Ended in 2013, it comes down to significant life changes for the principals of the organization, very little financial incentive, and less experience.",2013,https://www.westword.com/arts/festivus-film-and-laugh-track-festivals-call-it-quits-5788172
Fiesta San Antonio,Culture,TX,San Antonio,29.4246002,-98.4951405,Active,April;March,1891,,,,
Finger Lakes GrassRoots Festival of Music and Dance,Music,NY,Trumansburg,42.5422939,-76.6660589,Active,July,1991,,,,
FinnFestUSA,Culture,US,,39.7837304,-100.4458825,Active,September,1983,,,,
Firefly Music Festival Dover,Music,DE,Delaware,38.6920451,-75.4013315,Active,June,2012,,,,
Flood City Music Festival,Music,PA,Johnstown,40.3267407,-78.9219698,Active,August,1989,,,,
Florida Folk Festival,Culture,FL,Hamilton County,30.5232289,-82.9763531,Active,April,1952,,,,
Florida Film Festival,Film,FL,Maitland,28.6252263,-81.3737344128707,Active,April,1992,,,,
Florida Seafood Festival,Food,FL,Apalachicola,29.7255084,-84.9827725,Active,November,1963,,,,
Florida Strawberry Festival,Food,FL,Plant City,28.01806015,-82.1184819850713,Active,February;March,1930,,,,
FloydFest,Music,VA,Floyd,36.9157056,-80.3876889,Active,July,2002,,,,
Folkmoot,Culture,NC,Waynesville,35.4887476,-82.9888725,Active,July,1984,,,,
Food Network South Beach Wine and Food Festival,Food,FL,Miami Beach,25.7929198,-80.1353006,Active,February,2001,,,,
Food truck rally,Food,NY,New York City,40.7308619,-73.9871558,Active,March;April,2011,,,,
Forecastle Festival,Music,KY,Louisville,38.2542376,-85.759407,Active,July,2002,,,,
FotoFilm Tijuana,Film,MX,Tijuana,32.5584048,-117.0929651,Active,July,2017,,,,
Frameline Film Festival,Film,CA,San Francisco,37.7792808,-122.4192363,Active,June,1977,,,,
Free Press Summer Fest,Music,TX,Houston,29.7589382,-95.3676974,Active,June,2003,,,,
French Film Festival,Film,VA,Richmond,37.5385087,-77.43428,Active,March,1993,,,,
French Quarter Festival,Music,LA,New Orleans,29.9499323,-90.0701156,Active,April,1984,,,,
Freshgrass Festival,Music,MA,North Adams,42.700915,-73.1087148,Active,September,1998,,,,
Friendship Festival,Culture,NY,Buffalo,42.8867166,-78.8783922,Active,July,1987,,,,
Fun Fun Fun Fest,Music,TX,Austin,30.2711286,-97.7436995,Inactive,November,2006,Financial,The festival had its final year in 2015. ,2015,https://www.austinchronicle.com/music/2016-09-16/playback-no-fun-fun-fun-fest-in-2016/
Garden State Film Festival,Film,NJ,Atlantic City,39.3642852,-74.4229351,Active,March,2002,,,,
Gasparilla Pirate Festival,Culture,FL,Tampa,27.9477595,-82.458444,Active,January,1904,,,,
Gathering of the Vibes,Music,CT,Bridgeport,41.1670412,-73.2048348,Inactive,November,1996,Financial,"On November 27, 2015 it was announced that Gathering of the Vibes would not take place in 2016, though it was stated that the festival planned to return in 2017. This did not occur, however, and it appears that 2015 was the last gathering.",2015,https://patch.com/connecticut/bridgeport/gathering-vibes-wont-return-seaside-park-2017
Georgia Apple Festival,Food,GA,Ellijay,34.6950278,-84.4827394,Active,October,1971,,,,
Gilroy Garlic Festival,Food,CA,Gilroy,37.0065078,-121.5631723,Active,July,1979,,,,
Golden Door Film Festival,Film,NJ,Jersey City,40.7281575,-74.0776417,Active,September,2010,,,,
Gotham Screen Film Festival & Screenplay Contest,Film,NY,New York City,40.7308619,-73.9871558,Active,October,2012,,,,
Governors Ball Music Festival,Music,NY,Randall's Island,40.7967677,-73.9220815,Active,May;June,2011,,,,
Great American Beer Festival,Beer,CO,Denver,39.7392364,-104.9848623,Active,September;October,1982,,,,
Great River Shakespeare Festival,Art,MI,Winona,46.8743786,-88.9073564,Active,June;July;August,2004,,,,
Great World Beer Festival,Beer,NY,New York,40.7308619,-73.9871558,Active,October,2002,,,,
Greek Food Festival,Food,FL,Tallahassee,30.4380832,-84.2809332,Active,November,1983,,,,
Greek Food Festival of Dallas,Food,TX,Dallas,32.7762719,-96.7968559,Active,September,1956,,,,
Green Bay Film Festival,Film,WI,De Pere,44.4487476,-88.0601086,Active,February,2010,,,,
Green River Festival,Music,MA,Greenfield,42.5877962,-72.6006199,Active,July,1986,,,,
Grey Fox Bluegrass Festival,Music,NY,Oak Hill,44.5419905,-73.6429169,Active,July,1984,,,,
Groundhog Day,Culture,PA,Punxsutawney,40.9436303,-78.971078,Active,February,1887,,,,
Groovefest American Music Festival,Music,UT,Cedar City,37.6774238,-113.0618277,Active,June,2001,,,,
Half Moon Bay Art and Pumpkin Festival,Art,CA,Half Moon Bay,37.4635519,-122.4285862,Active,October,1971,,,,
Hampton Jazz Festival,Music,VA,Hampton,37.0300969,-76.3452057,Active,June,1968,,,,
Hamptons International Film Festival,Film,NY,East Hampton,40.9637919,-72.1851729,Active,October,1993,,,,
Hangout Music Fest,Music,AL,Gulf Shores,30.259257,-87.7119929396743,Active,May,2009,,,,
Hardly Strictly Bluegrass,Music,CA,San Francisco,37.7792808,-122.4192363,Active,October,2001,,,,
Harvest of Hope Fest,Music,FL,St. Augustine,29.8946952,-81.3145395,Inactive,March,2009,Financial,Organizing the 2009 and 2010 Fests were enormous undertakings and at this time the Harvest of Hope Foundation and St. Johns County do not have the resources and time to put together a 2011 Fest.,2011,https://consequenceofsound.net/2010/09/no-harvest-of-hope-for-2011/
Harvest of the Arts,Art,PA,Carlisle,40.201499,-77.1890783,Active,September,1980,,,,
Hawaii International Film Festival,Film,HI,Honolulu,21.3250785,-157.846644178573,Active,April,1981,,,,
Heartland Film Festival,Film,IN,Indianapolis,39.7683331,-86.1583502,Active,October,1991,,,,
Hessler Street Fair,Culture,OH,Cleveland,41.5051613,-81.6934446,Active,June,1969,Organizer,"There were too few people who wanted to organize such a large public event, and the Hessler Street Fairs ceased. The last of the original Fairs was held in 1984. In 1995, partly out of nostalgia and partly to once again raise funds for the Neighborhood Association, a small group of past and present Hessler residents got together to resurrect the Fair.",1985,http://hesslerstreetfair.org/history.html
High Falls Film Festival,Film,NY,Rochester,43.157285,-77.615214,Active,November,2001,Unknow,"After taking a hiatus in 2012, High Falls Film festival returned in 2013 to its original mission,focus, and name. No information about 2019 festival",2019,https://en.wikipedia.org/wiki/High_Falls_Film_Festival
High Sierra Music Festival,Music,CA,Quincy,39.9309945,-120.953573947289,Active,July,1991,,,,
Florida Azalea Festival,Nature,FL,Palatka,29.6487882,-81.6372111,Active,March,1938,,,,
Highland County Maple Festival,Nature,VA,Highland County,38.3860395,-79.5179853057402,Active,March,1958,,,,
Highway 61 Film Festival,Film,MN,Pine City,45.8260672,-92.9685423,Active,April,2011,,,,
HONK!,Music,NY,New York City,40.7308619,-73.9871558,Active,October,2015,,,,
Hopscotch Music Festival,Music,NC,Raleigh,35.7803977,-78.6390989,Active,September,2010,,,,
Hot August Blues Festival,Music,KY,Aurora,36.7767204,-88.1441967,Active,August,1990,,,,
Hotel Carolina,Music,SC,Isle of Palms,32.7867697,-79.7880359,Active,June,2009,,,,
Houston Beer Fest,Beer,TX,Houston,29.7589382,-95.3676974,Active,July,2011,,,,
Houston Livestock Show and Rodeo,Sport,TX,Houston,29.7589382,-95.3676974,Active,February;March,1931,,,,
Houston Shakespeare Festival,Art,TX,Houston,29.7589382,-95.3676974,Active,April;May;June;July;August,1975,,,,
How Weird Street Faire,Alternative,CA,San Francisco Bay Area,37.7884969,-122.3558473,Active,May,2000,,,,
Hudson Valley Ribfest,Food,NY,New Paltz,41.7464972,-74.0844894,Active,August,2004,,,,
Hudson Valley Shakespeare Festival,Art,NY,Garrison,41.3839827,-73.945694,Active,June;July;August,1986,,,,
Hungarian Festival,Culture,NJ,New Brunswick,40.4862174,-74.4518173,Active,June,1975,,,,
Idaho Shakespeare Festival,Art,ID,Boise,43.61656,-116.200835,Active,June;July;August;September,1977,,,,
Idyllwild International Festival of Cinema,Film,CA,Idyllwild-Pine Cove,33.7435011,-116.723778028571,Active,March,2009,,,,
Illinois Shakespeare Festival,Art,IN,Normal,40.4650386,-85.8252595,Active,June;July;August,1978,,,,
Imagine Music Festival,Music,GA,Atlanta,33.7490987,-84.3901849,Active,September,2014,,,,
India International Film Festival (IIFF) of Tampa Bay,Film,FL,Tampa,27.9477595,-82.458444,Inactive,August,2009,Unknow,Stoped since 2016,2016,http://iifftampa.com/
Indianapolis International Film Festival,Film,IN,Indianapolis,39.7683331,-86.1583502,Active,May,2004,,,,
Indy Irish Festival,Culture,IN,Indianapolis,39.7683331,-86.1583502,Active,September,1995,,,,
International Biscuit Festival,Food,TN,Knoxville,35.9603948,-83.9210261,Active,May,2010,Organizer,Knoxville was stoped in 2018 because low number of volunteers and many other reasons,2018,https://www.knoxnews.com/story/entertainment/dining/2018/02/13/knoxvilles-international-biscuit-festival-take-break-2018/333264002/
International Black Women's Film Festival,Film,CA,San Francisco,37.7792808,-122.4192363,Active,November,2001,,,,
International Cherry Blossom Festival,Nature,GA,Macon,32.8406946,-83.6324022,Active,March,1982,,,,
International Children's Festival,Culture,DC,Washington,38.8950092,-77.0365625,Active,April,2008,,,,
International Children's Festival at Wolf Trap,Culture,VA,Fairfax County,38.8156356,-77.2836849,Inactive,September,1971,Financial,"By the end of 2011, it was decided to conclude the tradition, amid financial issues.",2011,https://en.wikipedia.org/wiki/International_Children%27s_Festival_at_Wolf_Trap
International Rice Festival,Food,LA,Crowley,38.3394806,-103.8263042,Active,October,1937,,,,
Intonation Music Festival,Music,IL,Chicago,41.8755616,-87.6244212,Active,July,2005,,,,
Iowa State Fair,Culture,IA,Des Moines,41.5910641,-93.6037149,Active,August,1854,,,,
Isle of Eight Flags Shrimp Festival,Food,FL,Fernandina Beach,30.6696818,-81.4625919,Active,May,1964,,,,
Italian Heritage Festival,Culture,WV,Wheeling,40.0639616,-80.7209149,Active,July,1979,,,,
Jackson County Apple Festival,Food,OH,Jackson,39.0131871,-82.6089043,Active,September,1937,,,,
Jacksonville Film Festival,Film,FL,Jacksonville,30.3321838,-81.655651,Active,May,2003,,,,
JAPAN CUTS: The New York Festival of Contemporary Japanese Cinema,Film,NY,New York City,40.7308619,-73.9871558,Active,July,2007,,,,
Jazz And Heritage Festival,Culture,LA,New Orleans,29.9499323,-90.0701156,Active,April;May,1970,,,,
Jazz at the Lake: Lake George Jazz Weekend,Music,NY,Lake George,43.6276486,-73.5497735823113,Active,September,1984,,,,
JazzReggae Festival @ UCLA,Music,CA,Los Angeles,34.0536834,-118.2427669,Active,April,1986,,,,
Johnny Appleseed Festival,Culture,IN,Fort Wayne,41.0799898,-85.1386015,Active,September;October,1974,,,,
KahBang Film Festival,Film,ME,Bangor,44.8011821,-68.7778138,Inactive,August,2009,Financial,"On July 31, 2014, KahBang director Joshua Gass announced that the music portion of the festival had been cancelled and told fans that ""several setbacks in planning, including the loss of sponsors, made it difficult to stage the acts.""[6] The KahBang Brew Fest had already been cancelled two weeks previous to the announcement.",2014,https://en.wikipedia.org/wiki/KahBang_Music_and_Art_Festival
Kansas City Irish Fest,Culture,MO,Kansas City,39.100105,-94.5781416,Active,August;September,2003,,,,
Kansas City Renaissance Festival,Art,KS,Bonner Springs,39.059726,-94.8835754,Active,August;September;October,1977,,,,
KC Beer Fest,Beer,MI,Kansas City,39.100105,-94.5781416,Active,September,2008,,,,
Kentucky Apple Festival,Food,KY,Paintsville,37.8145384,-82.8071054,Active,August,1962,,,,
Kentucky Derby Festival,Sport,KY,Louisville,38.2542376,-85.759407,Active,May,1935,Weather,"After the floods of 1937, the festival was discontinued and it was not until 1956 when the modern-day Kentucky Derby Festival was reborn.",1937,https://en.wikipedia.org/wiki/Kentucky_Derby_Festival
Kentucky Shakespeare Festival,Art,KY,Louisville,38.2542376,-85.759407,Active,May;June;July;August,1969,,,,
Kerrville Folk Festival,Music,TX,Kerrville,30.0474332,-99.1403189,Active,May;June,1972,,,,
King Biscuit Blues Festival,Music,AR,Helena,34.5295471,-90.5917722,Active,October,1986,,,,
Kosherfest,Food,NJ,Secaucus,40.7899291,-74.0566735,Active,November,1989,,,,
Kumquat Festival,Food,FL,Dade City,28.3647248,-82.1959178,Active,January,1997,,,,
Kutztown Folk Festival,Culture,PA,Kutztown,40.5173165,-75.7774177,Active,June;July,1950,,,,
L.A. Comedy Shorts Film Festival,Film,CA,Los Angeles,34.0536834,-118.2427669,Active,April,2009,,,,
La Quinta Arts Festival,Art,CA,La Quinta,33.677474,-116.2958789,Active,March,1982,,,,
Lakeville Arts & Music Festival,Music,MA,Lakeville,41.8459353,-70.9494854,Active,October,2004,,,,
Langerado Music Festival,Music,FL,Sunrise,26.1482449,-80.3288859410087,Inactive,February;March,2003,Financial;Low attendance ,"In 2009 the festival was to be moved to Miami, but on February 3, 2009, it was announced that Langerado 2009 would be canceled due to sluggish ticket sales.On June 1, 2011 tickets went on sale for the 2011 festival.[4] The 2011 festival was cancelled again on September 3, 2011 by Boros Entertainment and C3 Presents due to low ticket sales.",2009;2011,https://en.wikipedia.org/wiki/Langerado
Las Vegas Uncork'd,Food,NV,Las Vegas,36.1662859,-115.149225,Active,May,2007,,,,
Lauderdale County Tomato Festival,Food,TN,Ripley,35.7453551,-89.5297973,Active,July,1984,,,,
LEAF Festival,Art,NC,Black Mountain,35.6178951,-82.3212302,Active,May,1995,,,,
Levitate Music and Arts Festival,Music,MA,Marshfield,42.091769,-70.7055941,Active,July,2013,,,,
Lexington Barbecue Festival,Food,NC,Lexington,35.8240265,-80.2533838,Active,October,1984,,,,
Life is Good Arts and Music Festival,Music,NV,Las Vegas,36.1662859,-115.149225,Active,September,2013,,,,
Lifest,Music,WI,Oshkosh,44.0206919,-88.5408574,Active,July,1999,,,,
Lilac Festival,Nature,NY,Rochester,43.157285,-77.615214,Active,May,1898,,,,
Little Italy Festival,Culture,IN,Clinton,40.2992769,-86.4692735,Active,September,1966,,,,
Little Rock Film Festival,Film,AR,Little Rock,34.7464809,-92.2895948,Active,June,2005,,,,
Lockn' Festival,Music,VA,Arrington,37.6840306,-78.9011326,Active,September,2013,,,,
Lollapalooza,Music,IL,Chicago,41.8755616,-87.6244212,Active,August,1991,,,,
Lompoc Valley Flower Festival,Nature,CA,Lompoc,34.6391501,-120.4579409,Active,June,1952,,,,
Lone Star Chili Cook-off,Food,NY,New York City,40.7308619,-73.9871558,Active,May,1994,,,,
Long Beach Blues Festival,Music,CA,Long Beach,33.78538945,-118.158049315311,Inactive,September,1980,Financial,"In 2010, the Blues Festival went on hiatus because of economic conditions and was replaced with a one-day Blues Bash held at the Carpenter Performing Arts Center on the CSULB campus.",2010,https://en.wikipedia.org/wiki/Long_Beach_Blues_Festival#cite_note-2010pt-4
Los Angeles Asian Pacific Film Festival,Film,CA,Los Angeles,34.0536834,-118.2427669,Active,May,1983,,,,
Los Angeles Film Festival,Film,CA,Los Angeles,34.0536834,-118.2427669,Active,June,1995,,,,
Los Angeles Tofu Festival,Food,CA,Los Angeles,34.0536834,-118.2427669,Inactive,August,1995,Venue,"From 1995 to 2007. Due to ongoing redevelopment in Little Tokyo there is no longer enough space to hold a festival of the size of Tofu Fest, and it has been canceled indefinitely, the last festival being held in 2007.",2007,https://web.archive.org/web/20170825143310/https://la.eater.com/2008/7/28/6789971/rip-los-angeles-tofu-festival
LouFest,Music,MO,St. Louis,38.6268039,-90.1994097,Inactive,August,2010,Financial,"On September 5, 2018, LouFest was canceled only days before the event was supposed to take place due to “the loss of two of the event’s top sponsors, scheduling and contract issues with major artists, and existing debt from previous events.""",2018,https://www.billboard.com/articles/business/8473719/loufest-2018-canceled-st-louis-music-festival
Louisiana Fur and Wildlife Festival,Food,LA,Cameron,41.4586993,-78.1931833,Active,January,1955,,,,
Love Your Shorts Film Festival,Film,FL,Sanford,28.8117179,-81.2680328,Active,February,2010,,,,
Lowell Folk Festival,Culture,MA,Lowell,42.6334247,-71.3161718,Active,July,1990,,,,
Maha Music Festival,Music,NE,Omaha,41.2587317,-95.9378732,Active,August,2009,,,,
Mardi Gras in New Orleans,Culture,LA,New Orleans,29.9499323,-90.0701156,Active,March,1699,,,,
Margaret Mead Film Festival,Film,NY,New York City,40.7308619,-73.9871558,Active,October,1976,,,,
Marion Popcorn Festival,Food,OH,Marion,40.5885271,-83.1895249,Active,September,1981,,,,
Martha's Vineyard Film Festival,Film,MA,Chilmark,41.3431688,-70.7447501,Active,March,2001,,,,
Martha's Vineyard International Film Festival,Film,MA,Martha's Vineyard,39.07493125,-94.4170703243503,Active,September,2006,,,,
Maryland Film Festival,Film,MD,Baltimore,39.2847494,-76.6204746396999,Active,March,1999,,,,
Maryland Renaissance Festival,Art,MD,Crownsville,39.0284438,-76.6013536,Inactive,August;September;October,1977,Unknow,The Festival has ended for 2018. ,2018,http://www.rennfest.com/
Masterworks festival,Music,SC,Spartanburg,34.9498007,-81.9320157,Active,June;July,1997,,,,
May Day Music Festival,Music,NY,Clinton,44.7278943,-73.6686982,Active,May,1991,,,,
Memphis in May,Food,TN,Memphis,35.1490215,-90.0516285,Active,May,1977,,,,
Mendocino Music Festival,Music,CA,Mendocino,39.3176491,-123.4126399,Active,July,1986,,,,
Merlefest,Music,NC,Wilkesboro,36.145965,-81.1606401,Active,April,1988,,,,
Merrie Monarch Festival,Music,HI,Hilo,19.707243,-155.081635,Active,April,1963,,,,
Miami Short Film Festival,Film,FL,Miami,25.7742658,-80.1936589,Active,November,2002,,,,
Michigan Womyn's Music Festival,Culture,MI,Hart,43.698341,-86.363965,Inactive,August,1976,Unknow,The festival held its final event in August 2015,2016,https://www.advocate.com/michfest/2015/04/21/years-michigan-womyns-music-festival-will-be-last
MidPoint Music Festival,Music,OH,Cincinnati,39.1014537,-84.5124602,Inactive,september,2001,Venue,"The MidPoint Music Festival won't happen this year, the festival's owner told The Enquirer Friday. That's if the outdoor stage for the music venue at The Banks gets built by September or October of 2019. If not, then MidPoint will return in 2020, he said.",2019,https://www.cincinnati.com/story/entertainment/2018/08/24/midpoint-music-festival-hiatus-until-banks-music-venue-gets-built/1083029002/
Mile High Horror Film Festival,Film,CO,Denver,39.7392364,-104.9848623,Active,May,2010,,,,
Mile High Music Festival,Music,CO,Commerce City,39.8389525,-104.922045785116,Active,July;August,2008,Financial,"2010 was the last year and promoter AEG announced that the festival would be cancelled for 2011 ""due to the economy""",2011,https://archive.is/20140113103358/http://www.9news.com/news/article/184232/151/mile-high-music-festival-cancelled-
Minneapolis Aquatennial,Sport,MN,Minneapolis,44.9772995,-93.2654692,Active,July,1940,,,,
Minneapolis St. Paul International Film Festival,Film,MN,Minneapolis-St. Paul,44.07517895,-95.6656745942574,Active,March,1962,,,,
Minnesota Renaissance Festival,Art,MI,Shakopee,44.7980186,-93.5268986,Active,August;September,1971,,,,
Missouri Chamber Music Festival,Music,MO,Webster Groves,38.586494,-90.3557751772251,Active,June,2010,,,,
moe.down,Music,NY,Turin,43.627378,-75.41153,Active,July,2001,,,,
Montclair Film Festival,Film,NJ,Montclair,40.8259332,-74.2090344,Active,May,2014,,,,
Moogfest,Music,NC,Asheville,35.6009498,-82.5540161,Active,May,2004,,,,
Moon River Music Festival,Music,TN,Memphis,35.1490215,-90.0516285,Active,September,2014,,,,
Moondance International Film Festival,Film,CO,Boulder,40.0149856,-105.2705456,Active,May,1999,,,,
Moonrise Festival,Music,MD,Baltimore,39.2847494,-76.6204746396999,Active,August,2014,,,,
Morelia International Film Festival,Film,MX,Morelia,32.207068,-110.8068866,Active,October,2003,,,,
Morton Pumpkin Festival,Food,LI,Morton,40.6127349,-89.459323,Active,September,1967,,,,
Mother Earth News Fair,Nature,US,,39.7837304,-100.4458825,Active,N/A,1937,,,,
Mountain Jam,Music,NY,Hunter,42.2136987,-74.2187541,Active,May,2004,,,,
Move Music Festival,Music,NY,Albany,42.6511674,-73.754968,Active,April,2012,,,,
Mushroom festival,Food,PA,Chester County,39.9829308,-75.7652424,Active,September,1896,,,,
Music from Salem,Music,NY,Washington County,43.2294536,-73.4471343,Active,October,1985,,,,
Music Midtown,Music,GA,Atlanta,33.7490987,-84.3901849,Active,September,1994,,,,
MusicfestNW,Music,OR,Portland,45.5202471,-122.6741949,Active,August,2001,,,,
MusicNOW Festival,Music,OH,Cincinnati,39.1014537,-84.5124602,Active,April,2006,,,,
Musikfest,Music,PA,Bethlehem,40.6178915,-75.3786521,Active,August,1984,,,,
Nantucket Film Festival,Film,MA,Nantucket,41.2657181,-70.0683144,Active,June,1996,,,,
Naperville Independent Film Festival,Film,IL,Naperville,41.7728699,-88.1479278,Active,February,2008,,,,
Naples Grape Festival,Food,NY,Naples,42.6160647,-77.4030253,Active,September,1961,,,,
Naples Winter Wine Festival,Food,FL,Naples,26.1421976,-81.7942944,Active,January,2001,,,,
Narrows Winter Blues Festival,Music,MA,Fall River,41.7010642,-71.1546367,Active,January,2014,,,,
Nashville Film Festival,Film,TN,Nashville,36.1622296,-86.7743531,Active,October,1969,,,,
Nashville Oktoberfest,Beer,TN,Nashville,36.1622296,-86.7743531,Active,October,1980,,,,
Nashville Shakespeare Festival,Art,TN,Nashville,36.1622296,-86.7743531,Active,August;September,1988,,,,
National Buffalo Wing Festival,Food,NY,Buffalo,42.8867166,-78.8783922,Active,August;September,2002,,,,
National Cherry Blossom Festival,Nature,DC,Washington,38.8950092,-77.0365625,Active,March,1912,,,,
National Cherry Festival,Food,MI,Traverse City,44.7606441,-85.6165301,Active,July,1925,,,,
National Cornbread Festival National Cornbread Festival,Food,TN,South Pittsburg,35.0122635,-85.7058445,Active,April,1996,,,,
National Film Festival for Talented Youth,Film,WA,Seattle,47.6038321,-122.3300624,Active,October,2007,,,,
National Lentil Festival,Food,WA,Pullman,46.7304268,-117.173895,Active,August,1989,,,,
National Peanut Festival,Food,AL,Dothan,31.2232313,-85.3904889,Active,November,1938,,,,
National Strawberry Festival,Food,MI,Belleville,42.2048414,-83.4852106,Active,June,1977,,,,
Native American Film and Video Festival,Film,NY,New York City,40.7308619,-73.9871558,Inactive,N/A,1979,Unknow,No website showing update information.,2019,https://americanindian.si.edu/explore/film-media/
NEARfest,Music,PA,Bethlehem,40.6178915,-75.3786521,Inactive,May,1998,Financial,"On March 25, 2011, due to insufficient ticket sales, the management announced that 2011 edition had been cancelled.On October 13, 2011, Hutchinson and LaDuca returned to the helm and, along with Feeley, announced that NEARfest would return in 2012.[4] Additionally, on October 17, 2011, a subsequent announcement indicated that NEARfest Apocalypse, held the weekend of June 22, 23, and 24th, 2012, would be the final edition of the festival.",2012,https://en.wikipedia.org/wiki/NEARfest
Nekocon,Culture,VA,Hampton,37.0300969,-76.3452057,Active,November,1998,,,,
Nelsonville Music Festival,Music,OH,Nelsonville,39.458681,-82.2318156,Active,May;June,2005,,,,
Neptune Festival,Culture,VA,Virginia Beach,36.7953025,-76.0509251225811,Active,September,1974,,,,
Never Say Never Festival,Music,TX,Mission,26.2159066,-98.3252932,Active,March,2009,,,,
New Bedford Folk Festival,Music,MA,New Bedford,41.6362152,-70.934205,Active,July,1995,,,,
New England Blues Summit,Music,MA,Sturbridge,42.108428,-72.0786871,Inactive,August,2015,Unknow,"To all our friends and supporters, we are disappointed to announce that there will not be a 4th New England Blues Summit in 2019. We could not come to a practical arrangement with the resort. Our team was thrilled to present the shows we organized and we will be on the lookout for a suitable location for 2020. Thanks again to all who enjoyed our shows. We will be posting our other live shows here.",2019,https://www.facebook.com/NewEnglandBluesSummit/
New England Folk Festival,Music,MA,Concord,42.4605189,-71.3488963,Active,April,1944,,,,
New Hampshire Music Festival,Music,NH,Plymouth,43.757209,-71.688538,Active,July;August,1952,,,,
New Jersey Folk Festival,Culture,NJ,New Brunswick,40.4862174,-74.4518173,Active,April,1975,,,,
New Orleans Film Festival,Film,LA,New Orleans,29.9499323,-90.0701156,Active,August,1989,,,,
New Orleans Jazz & Heritage Festival,Music,LA,New Orleans,29.9499323,-90.0701156,Active,April;May,1970,,,,
New York City Independent Film Festival,Film,NY,New York City,40.7308619,-73.9871558,Active,May,2009,,,,
New York Film Festival,Film,NY,New York City,40.7308619,-73.9871558,Active,September;October,1963,,,,
New York International Children's Film Festival,Film,NY,New York City,40.7308619,-73.9871558,Active,February;March,1997,,,,
New York Renaissance Faire,Art,NY,Tuxedo,41.1942928,-74.1843491,Active,August;September;October,1977,,,,
New York Summer Music Festival,Music,NY,Oneonta,42.453492,-75.0629531,Inactive,May;June,2006,Low attendance,"“It is with deep regret that we write to inform you that New York Summer Music Festival will close at the end of the 2015 calendar year,” the message reads. “This decision, reached by the NYSMF board, did not come lightly. We exhaustively explored many options to keep our doors open, but our continued existence has unfortunately become insurmountable.”",2015,https://www.thedailystar.com/news/local_news/music-festival-s-end-saddens-many/article_b6c8b300-ae75-586c-90f4-2051132adcf8.html
New York's Village Halloween Parade,Alternative,NY,New York,40.7308619,-73.9871558,Active,October,1973,,,,
Newburyport Riverfront Music Festival,Music,MA,Newburyport,42.8125913,-70.8772751,Active,September,2001,,,,
Newfest,Culture,NY,New York,40.7308619,-73.9871558,Active,N/A,1988,,,,
Newport Beach Film Festival,Film,CA,Newport Beach,33.6170092,-117.9294401,Active,April,1999,,,,
Newport Folk Festival,Music,RI,Newport,41.4899827,-71.3137707,Active,July,1959,,,,
"Newport Jazz Festival, Newport",Music,RI,Newport,41.4899827,-71.3137707,Active,August,1954,,,,
"Newport Music Festival, Newport",Music,RI,Newport,41.4899827,-71.3137707,Active,July,1959,,,,
Nisei Week,Culture,CA,Los Angeles,34.0536834,-118.2427669,Active,August,1934,,,,
North Carolina Potato Festival,Food,NC,Northeastern North Carolina,35.9498716,-77.7790199275209,Active,May,1940,Unknow,Short stoped from 1970 to 2001,1970,https://en.wikipedia.org/wiki/North_Carolina_Potato_Festival
North Carolina School of the Arts Summer Performance Festival,Art,NC,Manteo,35.9082257,-75.6757303,Active,June;July;August,1997,,,,
North Carolina Watermelon Festival,Food,NC,Raleigh,35.7803977,-78.6390989,Active,July;August,1957,,,,
North Carolina Wine Festival,Food,NC,Clemmons,36.0215258,-80.3819984,Active,May,2000,,,,
North Fair Oaks Festival,Food,CA,San Mateo,37.496904,-122.3330573,Active,August,2000,,,,
North River Blues Festival,Music,MA,Marshfield,42.091769,-70.7055941,Active,August,1995,,,,
North Texas Irish Festival,Culture,TX,Dallas,32.7762719,-96.7968559,Active,March,1983,,,,
Northeast Film Festival,Film,NJ,Teaneck,40.8983424,-74.0142332,Active,September,2015,,,,
Northwest Folklife Festival,Culture,WA,Seattle,47.6038321,-122.3300624,Active,May,1971,,,,
Norwalk Oyster Festival,Food,CT,Norwalk,41.1175966,-73.4078968,Active,September,1977,,,,
NY Green Fest,Nature,NY,Alfred,42.2542366,-77.7905509,Active,June,1982,,,,
Off the Grid,Food,CA,San Francisco Bay Area,37.7884969,-122.3558473,Active,June,2010,,,,
Ohio Brew Week,Beer,OH,Athens,39.3289242,-82.1012479,Active,July,2005,,,,
Ojai Music Festival,Music,CA,Ojai,34.4480495,-119.242889,Active,June,1947,,,,
Oktoberfest Zinzinnati,Beer,OH,Cincinnati,39.1014537,-84.5124602,Active,September,1976,,,,
Old Settler's Music Festival,Music,TX,Driftwood,30.1229876,-98.0308425,Active,April,1987,,,,
Old Songs Festival,Music,NY,Altamont,42.7006324,-74.0337382,Active,June,1981,,,,
One Spark crowdfunding festival,Technology,FL,Jacksonville,30.3321838,-81.655651,Active,October,2013,,,,
Opera Theatre of Saint Louis,Music,MO,St. Louis,38.6268039,-90.1994097,Active,May,1976,,,,
Oregon Brewers Festival,Beer,OR,Portland,45.5202471,-122.6741949,Active,July,1988,,,,
Oregon Shakespeare Festival,Art,OR,Ashland,42.1972487,-122.7153995,Active,February;March;April;May;June;July;August;September;October;November,,,,,
Oregon Shakespeare Festival,Art,OR,Ashland,42.1972487,-122.7153995,Active,April;May;June;July;August;September;October,1935,,,,
Orlando Film Festival,Film,FL,Orlando,28.5421097,-81.3790388,Active,October,2006,,,,
Outfest,Culture,CA,Los Angeles,34.0536834,-118.2427669,Active,July,1982,,,,
"Outside Lands Music and Arts Festival, San Francisco",Music,CA,San Francisco,37.7792808,-122.4192363,Active,August,2008,,,,
Ozark Music Festival,Music,MO,Sedalia,38.7098314,-93.2295515,Inactive,July,1974,Management,"The Missouri Senate met in October 1974 and discussed the events of the music festival in the committee report. The report states that, ""The Ozark Music Festival can only be described as a disaster. It became a haven for drug pushers who were attracted from throughout the United States. The scene made the degradation of Sodom and Gomorrah appear mild. Natural and unnatural sex acts became a spectator sport. Frequently, nude women promoted drugs with advertisements on their bodies.""",1974,https://en.wikipedia.org/wiki/Missouri_State_Highway_Patrol
Paint Louis,Music,MO,St. Louis,38.6268039,-90.1994097,Active,August;September,1997,,,,
Palm Springs Festival of Festivals,Film,CA,Palm Springs,33.8246269,-116.540303,Active,October;November,2001,,,,
Palm Springs International Film Festival,Film,CA,Palm Springs,33.8246269,-116.540303,Active,January,1989,,,,
Parker County Peach Festival,Food,TX,Weatherford,32.7589648,-97.7970748,Active,July,1984,,,,
Paso Robles Wine Festival,Food,CA,Paso Robles,35.6267654,-120.6912456,Active,May,1982,,,,
PeaceOUT World Homo Hop Festival,Culture,CA,Oakland,37.8044557,-122.2713563,Inactive,August,2001,Unknown,"Despite initial plans to continue with PeaceOUT as a biannual event following the 2007 festival, Kalamka decided to close the event permanently in July 2008. The official website is currently maintained as a permanent historical archive of the festival.",2008,http://www.dazeddigital.com/music/article/34157/1/queer-hip-hop-history-california
Pecan Street Festival,Art,TX,Austin,30.2711286,-97.7436995,Active,May,1978,,,,
Pennsylvania Shakespeare Festival,Art,PA,Center Valley,40.529266,-75.393236,Active,June;July;August,1992,,,,
Pepper Jelly Festival,Culture,AL,Thomaston,32.2666151,-87.6253429,Active,April,1986,,,,
Philadelphia Film Festival,Film,PN,Philadelphia,39.9524152,-75.1635755,Active,October,1991,,,,
Rose Parade,Nature,CA,Pasadena,34.1476452,-118.1444779,Active,January,1890,,,,
Philadelphia Flower Show,Nature,PA,Philadelphia,39.9524152,-75.1635755,Active,February;March,1827,,,,
Philadelphia Folk Festival,Music,PA,Philadelphia,39.9524152,-75.1635755,Active,August,1962,,,,
Philly Beer Week,Beer,PA,Philadelphia,39.9524152,-75.1635755,Active,May;June,2007,,,,
Phoenicia International Festival of the Voice,Music,NY,Phoenicia,42.0848126,-74.3154254,Active,August,2010,,,,
Pierogi Fest,Food,IN,Whiting,41.6797578,-87.4944873,Active,July,1994,,,,
Pitchfork Music Festival,Music,IL,Chicago,41.8755616,-87.6244212,Active,July,2006,,,,
Pittsburgh Folk Festival,Culture,PA,Pittsburgh,40.4416941,-79.9900861,Inactive,September,1956,Unknow,"After 63 years, a long-standing Pittsburgh institution is getting a makeover and right now inactive in their activities and webpage in 2017.",2017,https://www.pghfolkfest.org/
Pittsburgh Whiskey & Fine Spirits Festival,Food,PA,Pittsburgh,40.4416941,-79.9900861,Active,October,2007,,,,
Pittsburgh Wine Festival,Food,PA,Pittsburgh,40.4416941,-79.9900861,Active,June,2003,,,,
Pleasantville Music Festival,Music,NY,Pleasantville,41.1328736,-73.7926335,Active,July,2005,,,,
Pointfest,Music,MO,Maryland Heights,38.7131073,-90.4298401,Active,May,1993,,,,
Porcupine Freedom Festival,Alternative,NT,Lancaster,40.08067,-76.2411283,Active,June,2001,,,,
"Pork, Peanut, and Pine Festival",Food,VA,Surry County,37.1118778,-76.895924,Inactive,July,1975,Low attendance,"Pork, Peanut and Pine Festival organizers have folded up the tents for 2019 and are taking a wait-and-see attitude for the future.Kenny Pittman, who has recently resigned as PPP Board chairman, said the two days of rain this year caused a steep decline in attendance.
There were more workers than festivalgoers, he said.",2019,https://smithfieldtimes.com/index.php/news/all-news/3180-no-pork-peanut-pine-festival-for-2019
Port Townsend Film Festival,Film,WA,Port Townsend,48.1185325,-122.7679629,Active,April,1999,,,,
Portland International Beerfest,Beer,OR,Portland,45.5202471,-122.6741949,Active,June,2001,,,,
Portland International Film Festival,Film,OR,Portland,45.5202471,-122.6741949,Active,March,1977,,,,
Portland Rose Festival,Nature,OR,Portland,45.5202471,-122.6741949,Active,May;June,1907,,,,
Portugal Day Festival,Culture,NJ,Newark,40.735657,-74.1723667,Active,June,1933,,,,
Project Twenty1 Film Festival,Film,PN,Philadelphia,39.9524152,-75.1635755,Inactive,September,2006,,"Unknow, Institute only held one festival",2006,
Pungo Strawberry Festival,Food,VA,Virginia Beach,36.7953025,-76.0509251225811,Active,May,1983,,,,
Pygmalion Music Festival,Music,IL,Champaign-Urbana,40.101976,-88.2314378,Active,,2005,,,,
QFest,Film,PN,Philadelphia,39.9524152,-75.1635755,Inactive,July,1997,Financial,"In 2014 QFest was canceled for the first year since its founding in 1995. Due to lack of fundraising and the unavailability of Raymond Murray to lead the film programming, the festival was postponed and then canceled for the year. It lacked the visibility, influence and longevity of the more recent festival.",2014,
Rainbow Gathering,Alternative,US,worldwide,45.5591381,-122.638103,Active,July,1972,,,,
RavenCon,Technology,VA,Richmond,37.5385087,-77.43428,Active,April,2006,,,,
Red River Revel,Art,LA,Shreveport,32.5221828,-93.7651944,Active,October,1976,,,,
Red Rock Film Festival,Film,UT,St. George,37.104153,-113.5841313,Active,November,1991,,,,
Redemptive Film Festival,Film,VA,Virginia Beach,36.7953025,-76.0509251225811,Inactive,November,2006,Financial,"After seven successful seasons, and receiving hundreds of submissions from some 44 countries on six continents, the festival took an hiatus while its founder, Media Professional, Dr. Chris Cunningham took time to plant a church.",2013,https://www.kickstarter.com/projects/881535414/help-bring-back-the-redemptive-film-festival
ReelAbilities,Film,NY,New York City,40.7308619,-73.9871558,Active,April,2007,,,,
Reggae on the River,Music,CA,Humboldt County,40.5997415,-123.8997734,Active,August,1984,,,,
Reggae Rising,Music,CA,Humboldt County,40.5997415,-123.8997734,Inactive,August,2007,Financial,"The 2010 festival was canceled due to the financial trouble of the organizer, Tom Dimmick, resulting in his denial of a Conditional Use Permit by the Humboldt County Planning Commission. The organizer never contacted the Humboldt County Planning Commission for a 2011 permit, and as a result, 2009 Reggae Rising marked the end of the Reggae Rising festival.",2010,https://en.wikipedia.org/wiki/Reggae_Rising#cite_note-2
Remember September Music Festival,Music,MA,Brockton,42.0834335,-71.0183787,Active,September,2010,,,,
Rhode Island International Film Festival,Film,RI,Providence,41.8677428,-71.5814834,Active,August,1997,,,,
Riverfront Irish Festival,Culture,OH,Cuyahoga Falls,41.1348213,-81.4848086,Active,June,1993,,,,
Riverside County Fair and National Date Festival,Culture,CA,Indio,33.7192808,-116.2188054,Active,February,1947,,"When World War II started all fairs in California were halted. When the War ended, Robert M.C. Fullenwider was hired to manage the Riverside County Fair and National Date Festival. Fullenwider introduced an ""Arabian Nights"" theme tying in with the desert region and date industry.",,https://www.datefest.org/Information/About-The-Fair/History-of-the-Fair
Roanoke-Chowan Pork-Fest,Food,NC,Murfreesboro,36.4423754,-77.0985753,Active,May,N/A,,,,
Rochester International Jazz Festival,Music,NY,Rochester,43.157285,-77.615214,Active,June,2002,,,,
Rock Fest,Music,WI,Cadott,44.9480187,-91.1507031,Active,July,1993,,,,
Rock N Resort Music Festival,Music,OH,North Lawrence,40.8418573,-81.6291103,Active,July,2004,,,,
Rock of Ages Festival,Music,CA,Calistoga,38.5787966,-122.5797054,Active,October,1999,,,,
Rock on the Range,Music,OH,Columbus,39.9622601,-83.0007065,Active,May,2007,,,,
Rocklahoma,Music,OK,Pryor,36.3084275,-95.3169136,Active,May,2007,,,,
Rocky Mountain Women's Film Festival,Film,CO,Colorado Springs,38.8339578,-104.8253485,Active,April,1987,,,,
Roots 'n Blues 'n BBQ,Music,MO,Columbia,38.951883,-92.3337366,Active,September,2007,,,,
Roswell UFO Festival,Alternative,NM,Roswell,33.3943282,-104.5229518,Active,July,1947,,,,
Saint Paul Winter Carnival,Carnivals,MN,Saint Paul,44.9504037,-93.1015026,Active,January;February,1886,Organizer,The event was stopped before 1937 due to the organizers and was permanently restored in 1946.,1937,https://www.wintercarnival.com/about/history-of-the-saint-paul-winter-carnival/
San Diego Bay Wine & Food Festival,Food,CA,San Diego,32.7174209,-117.1627714,Active,November,2004,,,,
San Francisco Frozen Film Festival,Film,CA,San Francisco,37.7792808,-122.4192363,Active,July,2006,,,,
San Francisco Free Folk Festival,Culture,CA,San Francisco,37.7792808,-122.4192363,Active,June,1977,,,,
San Francisco Green Film Festival,Film,CA,San Francisco,37.7792808,-122.4192363,Active,September,2011,,,,
San Francisco International Film Festival,Film,CA,San Francisco,37.7792808,-122.4192363,Active,April,1957,,,,
San Francisco Jewish Film Festival,Film,CA,San Francisco,37.7792808,-122.4192363,Active,July;August,1980,,,,
San Luis Obispo International Film Festival,Film,CA,San Luis Obispo,35.2827525,-120.6596156,Active,March,1993,,,,
Santa Barbara International Film Festival,Film,CA,Santa Barbara,34.4221319,-119.7026673,Active,January,1986,,,,
Santa Cruz Shakespeare,Art,CA,Santa Cruz,36.9749416,-122.0285259,Active,June;July;August;September,2014,,,,
Sarasota Film Festival,Film,FL,Sarasota,27.3364347,-82.5306527,Active,April,1996,,,,
Sasquatch! Music Festival,Music,WA,George,47.0807166,-119.8570901,Inactive,May,2002,Low attendance,"On June 28, 2018, Zacks officially announced that Sasquatch! Music Festival would cease operation indefinitely and would not be returning in 2019.",2018,https://www.wweek.com/music/2018/06/28/sasquatch-music-festival-is-ceasing-operation/
Sauerkraut Days,Food,IA,Ackley,42.5539385,-93.0526788,Active,June,1902,,,,
Savannah Music Festival,Art,GA,Savannah,32.0809263,-81.0911768,Active,March;April,1898,,,,
SAVOR,Beer,DC,Washington,38.8950092,-77.0365625,Active,May,2008,,,,
Sawdust Art Festival,Art,CA,Laguna Beach,33.5420888,-117.7834147,Active,June;July;August,1967,,,,
Schmeckfest,Food,SD,Freeman,43.352487,-97.437286,Active,March;April,1959,,,,
Schwagstock,Music,MO,Shannon County,37.1498052,-91.4328245,Inactive,November,1992,Crime," People at a jam-band festival called Schwagstock were buying, selling and consuming marijuana, mushrooms, LSD, ecstasy and other drugs.",2010,https://www.riverfronttimes.com/stlouis/hes-gone-as-schwagstock-founder-jimmy-tebeau-enters-federal-prison-should-other-music-festival-organizers-worry-about-on-site-drug-use/Content?oid=2503535
Skagit Valley Tulip Festival,Nature,WA,Skagit Valley,48.4596092,-121.7332784,Active,April,1984,,,,
Seattle Hempfest,Nature,WA,Seattle,47.6038321,-122.3300624,Active,August,1991,,,,
Seattle International Film Festival,Film,WA,Seattle,47.6038321,-122.3300624,Active,May;June,1976,,,,
Sedona International Film Festival,Film,AZ,Sedona,34.8696661,-111.7611616,Active,February;March,1994,,,,
Shakespeare Festival of Dallas,Art,TX,Dallas,32.7762719,-96.7968559,Active,June;July;August,1971,,,,
Shakespeare in Delaware Park,Art,NY,Buffalo,42.8867166,-78.8783922,Active,June;July;August,1976,,,,
Shakespeare Santa Cruz,Art,CA,Santa Cruz,36.9749416,-122.0285259,Inactive,July;August,1981,Financial,"In 2008, with California's budget crisis having resulted in reduced funding, the university could no longer afford to cover these debts. In March 2014, the new company changed its name to Santa Cruz Shakespeare.",2008,https://www.nytimes.com/2009/02/15/theater/15Tayl.html?_r=2
Subaru Cherry Blossom Festival of Greater Philadelphia,Nature,PA,Philadelphia,39.9524152,-75.1635755,Active,April,1926,,,,
Shenandoah Apple Blossom Festival,Nature,VA,Winchester,39.1852184,-78.1652404,Active,April;May,1924,,,,
Shenandoah Valley Music Festival,Music,VA,Orkney Springs,38.7953909,-78.8144669,Active,July;August;September,1963,,,,
Sidewalk Moving Picture Festival,Film,AL,Birmingham,33.5206824,-86.8024326,Active,August,1999,,,,
Signal - The Southeast Electronic Music Festival,Music,NC,Chapel Hill/Carrboro,35.8904943,-79.0675567113923,Active,April,2006,,,,
Sisters Folk Festival,Music,OR,Sisters,44.290948,-121.5492516,Active,September,1995,,,,
SLUG Queen,Alternative,OR,Eugene,44.0505054,-123.0950506,Active,August,1983,,,,
Smithsonian Folklife Festival,Culture,DC,Washington,38.8950092,-77.0365625,Active,July,1967,,,,
Snowball music festival,Music,CO,Avon,39.6329025,-106.471183807855,Active,December,2011,,,,
Sonoma Valley Film Festival,Film,CA,Sonoma,38.5110803,-122.8473388,Active,March,1997,,,,
Sonshine Festival,Music,MN,Willmar,45.1219492,-95.0435373,Inactive,July,1982,Financial,"Citing financial reasons, Sonshine 2017 was postponed, with ""hope and desire to see [it] return in 2018"", according to the festival's webpage. The festival is indefinitely on hiatus, awaiting the advent of new financial backers.",2017,https://creationfest.com/sonshine/
South by Southwest,Music,TX,Austin,30.2711286,-97.7436995,Active,March,1987,,,,
South Haven Blueberry Festival,Food,MI,South Haven,42.4030865,-86.2736407,Active,August,1969,,,,
South Shore Country Festival,Music,MA,Marshfield,42.091769,-70.7055941,Active,september,2016,,,,
South Shore Indie Music Festival,Music,MA,Brockton,42.0834335,-71.0183787,Active,June,2015,,,,
Southern Brewers Festival,Beer,TN,Chattanooga,35.0456297,-85.3096801,Inactive,August,1994,Low attendance,"Due to rising expenses and lower attendance,the festival stoped in 2017.",2017,https://www.southernbrewersfestival.com/
Southern Decadence,Culture,LA,New Orleans,29.9499323,-90.0701156,Active,August;September,1718,,,,
Spam Jam,Food,MN,Austin,43.6680928,-92.9744896,Active,July,2002,,,,
St. James Art Fair,Art,KY,Louisville,38.2542376,-85.759407,Active,October,1957,,,,
Stagecoach Festival,Music,CA,Indio,33.7192808,-116.2188054,Active,April,2007,,,,
Sterling Renaissance Festival,Art,NY,Sterling,43.325901,-76.644949,Active,July,1976,,,,
Stone Creek Jamboree,Music,MI,Montevideo,44.942523,-95.723559,Inactive,August,2005,Unknow,"Can not find any information online, website expired.",N/A,https://en.wikipedia.org/wiki/Stone_Creek_Jamboree
Strawberry Festival,Food,TX,Poteet,29.0373552,-98.5746204,Active,April,1948,,,,
Summer Camp Music Festival,Art,IL,Chillicothe,39.3331197,-82.9824019,Active,May,2001,,,,
Summer Camp Music Festival,Music,IL,Chillicothe,39.3331197,-82.9824019,Active,May,2001,,,,
Summer Solstice Parade and Pageant,Music,WA,Fremont,40.7345943,-95.5924782,Active,May,1891,,,,
Summerfest,Music,WI,Milwaukee,43.0349931,-87.922497,Active,June;July,1968,,,,
SunFest,Music,FL,West Palm Beach,26.7153425,-80.0533746,Active,May,1982,,,,
Surf ‘n’ Suds,Beer,CA,Carpinteria,34.3988838,-119.5184564,Active,May;August,2013,,,,
Sweet Corn Festival,Food,OH,Fairborn,39.8208998,-84.0193858,Active,August;September,1953,,,,
Syracuse Jazz Festival,Music,NY,Syracuse,43.0481221,-76.1474244,Inactive,June,1982,Unknow,No any info about 2019 festival ,2019,http://www.syracusejazzfest.com/
Takoma Park Folk Festival,Music,MD,Takoma Park,38.9778882,-77.0074765,Active,September,1978,,,,
Tallahassee Wine and Food Festival,Food,FL,Tallahassee,30.4380832,-84.2809332,Active,December,1995,Replaced,The festival changed to fitness&food festival from 2009,2009,http://www.tallyfitnessfest.com/
Tallgrass Film Festival,Film,KS,Wichita,37.6922361,-97.3375448,Active,October,2003,,,,
Tanglewood Music Festival,Music,MA,Boston,42.3602534,-71.0582912,Active,July;August,1940,,,,
Taste of Alpharetta,Food,GA,Alpharetta,34.0709576,-84.2747329,Active,May,1990,,,,
Taste of Arlington,Food,VA,Arlington,38.8903961,-77.0841585,Active,May,N/A,,,,
Taste of Buffalo,Food,NY,Buffalo,42.8867166,-78.8783922,Active,July,1984,,,,
Taste of Chicago,Food,IL,Chicago,41.8755616,-87.6244212,Active,July,1980,Replaced,"After Bilandic's tenure in office, newly elected Mayor Jane Byrne attempted to end the ChicagoFest as well as many other programs associated with the former mayor. Mayor Washington finally put an end to ChicagoFest when in 1983, and create Taste of Chicago in 1980",1983,https://en.wikipedia.org/wiki/Taste_of_Chicago
Taste of Cincinnati,Food,OH,Cincinnati,39.1014537,-84.5124602,Active,May,1979,,,,
Taste of Polonia,Culture,IL,Chicago,41.8755616,-87.6244212,Active,September,1980,,,,
Tater Day,Food,KY,Benton,36.8572781,-88.350315,Active,March,1843,,,,
Telluride Blues & Brews Festival,Music,CO,Telluride,37.9374939,-107.8122852,Active,September,1994,,,,
Telluride Film Festival,Film,CO,Telluride,37.9374939,-107.8122852,Active,August;September,1974,,,,
Temecula Valley Balloon & Wine Festival,Food,CA,Temecula,33.4946353,-117.1473661,Active,June,1984,,,,
Tennessee Soybean Festival,Food,TN,Martin,36.3433965,-88.850338,Active,September,1993,,,,
Texas Folklife Festival,Culture,TX,San Antonio,29.4246002,-98.4951405,Active,June,1972,,,,
Texas Reds Festival,Food,TX,Bryan,30.6743643,-96.3699632,Active,September,2007,,,,
Texas Rose Festival,Nature,TX,Tyler,32.3512601,-95.3010624,Active,October,1933,,,,
The Baltimore Shakespeare Festival,Art,MD,Baltimore,39.2847494,-76.6204746396999,Inactive,June,1994,Financial,The Baltimore Shakespeare Festival closed its doors for good in 2011. The Board of Trustees made a simple public pronouncement of the difficulty of producing live theater and announced it was closing its doors due to economic challenges. The company did not maintain any archives.,2011,https://www.baltimoresun.com/entertainment/bs-xpm-2011-04-06-bs-ae-shakespeare-festival-closes-20110406-story.html
The Bamboozle,Music,NJ,East Rutherford,40.833989,-74.0970865,Inactive,March;April;May,2003,Unknow,It has also been announced that there will not be a Bamboozle festival in 2013 and the future of the festival is unknown.,2013,https://en.wikipedia.org/wiki/The_Bamboozle
The Capitol Hill Film Classic,Film,DC,Washington,38.8950092,-77.0365625,Active,June,2018,,,,
The Daffodil Festival,Nature,VA,Gloucester,37.4452288,-76.5594479,Active,April,1987,War,"the Gloucester and Mathews Counties World War II was underway in March, 1942 when the organizing committee decided to suspend the festivities. It was not resumed until 45 years later.",1942,https://www.coldwellbanker.com/Coldwell-Banker-Traditions-148c/Josephine-VonCannon-186112a/blog/community-8/spring-blooming-gloucester-daffodil-fest-16442
The Echo Project,Music,GA,Atlanta,33.7490987,-84.3901849,Active,October,2007,,,,
The Fest for Beatles Fans,Music,NY,New York City,40.7308619,-73.9871558,Active,September,1974,,,,
The Festival of Wood & Barrel-Aged Beer,Beer,IL,Chicago,41.8755616,-87.6244212,Active,November,2016,,,,
The Garagiste Festivals,Food,CA,Paso Robles,35.6267654,-120.6912456,Active,November,2011,,,,
The Great Blue Heron Music Festival,Music,NY,Sherman,42.159224,-79.595326,Active,July,1992,,,,
The Maryland Wine Festivals,Food,MD,Westminster,39.5752639,-76.9959277,Active,September,1985,,,,
The Nederland Music & Arts Festival,Beer,CO,Nederland,39.9613759,-105.5108312,Inactive,August,1996,Venue,"A short hiatus from 1996 to 1999, 2019 festival been cancelled because of venue conditions",2019,http://nedfest.org/
The New England Festy,Music,MA,Worcester,42.2625932,-71.8022934,Active,April,1999,,,,
The Peach Music Festival,Music,PA,Scranton,41.4086874,-75.6621294,Active,July,2012,,,,
The Philadelphia Shakespeare Festival,Art,PA,Philadelphia,39.9524152,-75.1635755,Active,April;May,1989,,,,
The River To River Festival,Art,NY,New York,40.7308619,-73.9871558,Active,June,2002,,,,
The Spooky Movie Film Festival,Film,DC,washington,38.8950092,-77.0365625,Active,October,2006,,,,
The Steam Festival,Alternative,CA,Fillmore,34.383958,-118.9365955,Active,June,N/A,,,,
The Winter Antiques Show,Art,NY,New York City,40.7308619,-73.9871558,Active,February,1955,,,,
Three Rivers Film Festival,Film,PN,Pittsburgh,40.4416941,-79.9900861,Active,June;November,1971,,,,
TomorrowWorld,Music,GA,Chattahoochee Hills,33.5790874,-84.7686732,Inactive,September,2013,Financial;Weather, The last TomorrowWorld festival held in the Chattahoochee Hills was in September 2015. The festival did not return in 2016 due to the bankruptcy of SFX and the backlash TomorrowWorld received from mishaps in 2015.,2016,https://www.bizjournals.com/atlanta/news/2016/03/02/tomorrowworld-2016-cancelled.html
Traverse City Film Festival,Film,MI,Traverse City,44.7606441,-85.6165301,Active,July;August,2004,,,,
Treasure Island Music Festival,Music,CA,San Francisco,37.7792808,-122.4192363,Active,October,2007,,,,
Treefort Music Fest,Music,ID,Boise,43.61656,-116.200835,Active,May,2012,,,,
Trenton Computer Festival,Technology,NJ,Ewing Township,40.2624865,-74.7996837884332,Active,March,1976,,,,
Tribeca Film Festival,Film,NY,New York City,40.7308619,-73.9871558,Active,April;May,2002,,,,
True/False Film Festival,Film,MO,Columbia,38.951883,-92.3337366,Active,March,2004,,,,
Tulip Festival,Nature,MI,Holland,42.7876022,-86.1090828,Active,May,1929,,,,
Tulip Time Festival,Culture,MI,Holland,42.7876022,-86.1090828,Active,May,1927,,,,
Twilight Festival,Music,MO,Columbia,38.951883,-92.3337366,Active,March,1990,,,,
U.S. Open Beer Championship,Beer,US,,39.7837304,-100.4458825,Active,June,2009,,,,
Ultra Music Festival,Music,FL,Miami,25.7742658,-80.1936589,Active,March,1999,,,,
Upperville Colt & Horse Show,Sport,VA,Upperville,38.9939977,-77.8847178,Active,June,1853,,,,
Utah Pride Festival,Culture,UT,Salt Lake City,40.7670126,-111.8904308,Active,June,1977,,,,
University of Chicago Folk Festival ,Culture,IL,Chicago,41.8755616,-87.6244212,Active,February,1960,,,,
Utah Shakespeare Festival,Art,UT,Cedar City,37.6774238,-113.0618277,Active,June;July,1961,,,,
Vancouver Wine and Jazz Festival,Food,MA,Vancouver,45.6306954,-122.6744557,Active,August,1998,,,,
Veggie Pride,Food,NY,New York City,40.7308619,-73.9871558,Active,April,2008,,,,
Vegoose,Music,NV,Las Vegas,36.1662859,-115.149225,Inactive,October,2005,Unknow,"The festival's current state is in question and did not make a return in 2008. However, the festival may make its return in the near future. A.C. Entertainment and Superfly instead focused their energy on a new festival in San Francisco, the Outside Lands Festival.",2008,https://en.wikipedia.org/wiki/Vegoose#cite_note-knoxnews.com-1
Vermont International Festival,Culture,VT,Burlington,44.4762975,-73.2135472,Active,November;December,1978,,,,
Vermont Quilt Festival,Art,VT,Essex,44.7065484,-71.7344471,Active,June,1977,,,,
Virgin Festival,Music,MD,Baltimore,39.2847494,-76.6204746396999,Inactive,September,2006,Unknow,Virgin Mobile did not explain what brought about the decision to cancel the concert at Merriweather Post Pavilion in Howard County. But they had hinted in previous years that the free shows would not go on indefinitely.,2014,https://www.baltimoresun.com/entertainment/music/midnight-sun-blog/bal-virgin-mobile-freefest-not-returning-this-year-20140729-story.html
Virginia Arts Festival,Art,VA,southeastern Virginia,36.80894345,-76.3020566795739,Active,April,1995,,,,
Virginia Film Festival,Film,VA,Charlottesville,38.029306,-78.4766781,Active,October,1988,,,,
Viva! El Paso,Art,TX,El Paso,31.7600372,-106.487287,Active,June;July,1978,,,,
Vision Festival,Art,NY,New York City,40.7308619,-73.9871558,Active,May;June,1996,,,,
Voodoo Music Experience,Music,LA,New Orleans,29.9499323,-90.0701156,Active,October,1999,,,,
Wakarusa Music and Camping Festival,Music,AR,Ozark,35.4870295,-93.8276965,Inactive,June,2004,Financial,Festival officials announced late Thursday afternoon via Facebook that the formerly annual music event on Mulberry Mountain near Ozark would not take place in 2016. ,2016,https://www.fayettevilleflyer.com/2015/12/18/wakarusa-goes-silent-in-2016/
Washington State Apple Blossom Festival,Nature,WA,Wenatchee,47.4234599,-120.3103494,Active,April;May,1920,,,,
Watershed Music Festival,Music,WA,George,47.0807166,-119.8570901,Active,August,2012,,,,
West Side Nut Club Fall Festival,Food,IN,Evansville,37.9747645,-87.5558483,Active,October,1921,,,,
Where the Wild Beers Are,Beer,NY,New York,40.7308619,-73.9871558,Active,June,2008,,,,
White Party,Culture,CA,Palm Springs,33.8246269,-116.540303,Active,April,1990,,,,
Wildflower! Arts and Music Festival,Art,TX,Richardson,32.9481789,-96.7297206,Active,May,1993,,,,
Wild West Brewfest,Beer,TX,Katy,29.7857853,-95.8243956,Active,April,2012,,,,
Wisconsin Film Festival,Film,WI,Madison,43.074761,-89.3837613,Active,April,1999,,,,
Woodstock Fruit Festival,Food,NY,Diamond Point,43.4792357,-73.6870621,Active,August,2011,,,,
Woodstock Music Festival,Music,NY,Bethel,41.6834224,-74.8712753,Active,August,1969,,,,
Worcester Music Festival,Music,MA,Worcester,42.2625932,-71.8022934,Active,September,2008,,,,
World Chicken Festival,Food,KY,Downtown London,38.24084425,-85.7547802935154,Active,September,1989,,,,
World of Nations Celebration,Culture,FL,Jacksonville,30.3321838,-81.655651,Active,May,1993,,,,
World Pulse Festival,Music,IN,South Bend,41.6833813,-86.2500066,Active,April,1986,,,,
World Science Festival,Technology,NY,New York,40.7308619,-73.9871558,Active,May;June,2008,,,,
World's Largest Disco,Culture,NY,Buffalo,42.8867166,-78.8783922,Active,November,1994,,,,
World's Peace Jubilee and International Musical Festival,Music,MA,Boston,42.3602534,-71.0582912,Inactive,July,1872,Low attendance,"Despite enthusiastic audiences, the festival suffered financially, partly from lower-than-expected attendance, and partly from setbacks during construction of the building.",1872,https://www.jstor.org/stable/3051884?origin=crossref&seq=1#metadata_info_tab_contents
Wormtown Music Festival,Music,MA,Greenfield,42.5877962,-72.6006199,Active,September,1999,,,,
XOXO ,Art,OR,Portland,45.5202471,-122.6741949,Active,september,2012,,,,
X96 Toyota Big Ass Show,Music,UT,Salt Lake City,40.7670126,-111.8904308,Active,September,1996,,,,
Yadkin Valley Wine Festival,Food,NC,Elkin,36.2443013,-80.8484043,Active,May,2001,,,,
Yambilee Festival,Food,LA,Opelousas,30.5335302,-92.081509,Inactive,October,1946,Financial,"In 2012, the Yambilee Festival was discontinued due to both lack of funding and extreme lack of public support.",2012,https://en.wikipedia.org/wiki/Yambilee_Festival
Yarmouth Clam Festival,Food,ME,Yarmouth,43.8006354,-70.1867161,Active,July,1965,,,,
Yellow Dog Music Fest,Music,MA,Centerville,41.649013,-70.3481183,Active,September,N/A,,,,
Ypsilanti Heritage Festival,Culture,MI,Ypsilanti,42.2410562,-83.613055,Active,August,1979,,,,
Zero Film Festival,Film,CA,Los Angeles,34.0536834,-118.2427669,Active,November,2007,,,,
Ziontific Summer Solstice Music Festival,Music,MA,Russell,42.189813,-72.8592642,Active,June,2011,,,,
Texas Shakespeare Festival,Art,TX,Kilgore,32.3860733,-94.8758518,Active,June;July,1986,,,,
Labor Day Carnival,Carnivals,NY,New York City,40.7308619,-73.9871558,Active,September,1930,,,,
Carnaval San Francisco,Carnivals,CA,San Francisco,37.7792808,-122.4192363,Active,May,1979,,,,
Carnival Memphis,Carnivals,TN,Memphis,35.1490215,-90.0516285,Active,May,1931,,,,
Carnaval Brasileiro,Carnivals,TX,Austin,30.2711286,-97.7436995,Active,February,1975,,,,
Mardi Gras in the United States,Carnivals,US,,39.7837304,-100.4458825,Active,March,1699,,,,
Michigan Technological University's Winter Carnival,Carnivals,MI,Houghton,46.8591287,-88.7774734,Active,February,1922,,,,
